ID,Target
6366,16.715618133544922
6367,26.269699096679688
6368,11.770824432373047
6369,13.786144256591797
6370,14.814766883850098
6371,17.667903900146484
6372,17.237262725830078
6373,19.975948333740234
6374,31.5762882232666
6375,128.86526489257812
6376,154.31768798828125
6377,82.24735260009766
6378,26.59900665283203
6379,34.297203063964844
6380,40.784881591796875
6381,88.07796478271484
6382,61.68460464477539
6383,80.14037322998047
6384,87.65484619140625
6385,106.15402221679688
6386,13.677837371826172
6387,7.854071617126465
6388,6.892846584320068
6389,9.322931289672852
6390,12.744668960571289
6391,16.375995635986328
6392,14.554128646850586
6393,16.97178077697754
6394,15.747347831726074
6395,15.659905433654785
6396,16.074687957763672
6397,22.793418884277344
6398,101.371337890625
6399,282.40887451171875
6400,241.16995239257812
6401,151.37721252441406
6402,116.12952423095703
6403,98.83511352539062
6404,116.4100112915039
6405,112.73258972167969
6406,157.8287811279297
6407,162.73416137695312
6408,184.64520263671875
6409,242.7551727294922
6410,249.9248809814453
6411,202.3707275390625
6412,161.2774200439453
6413,106.24199676513672
6414,92.75729370117188
6415,46.43360137939453
6416,23.80006217956543
6417,19.60873794555664
6418,9.798555374145508
6419,9.959731101989746
6420,9.6244478225708
6421,13.192261695861816
6422,32.09382629394531
6423,140.77093505859375
6424,192.4887237548828
6425,138.40005493164062
6426,64.00689697265625
6427,54.152618408203125
6428,60.90159606933594
6429,75.09526062011719
6430,80.54496002197266
6431,136.59007263183594
6432,190.9537811279297
6433,137.51185607910156
6434,116.20573425292969
6435,155.67445373535156
6436,115.69541931152344
6437,46.774635314941406
6438,43.1043815612793
6439,45.430660247802734
6440,41.0557975769043
6441,32.57865905761719
6442,17.943382263183594
6443,21.246315002441406
6444,29.340717315673828
6445,42.2374153137207
6446,45.305084228515625
6447,129.4336700439453
6448,81.65373229980469
6449,92.43270874023438
6450,44.003578186035156
6451,87.79264831542969
6452,106.1859130859375
6453,61.78236389160156
6454,75.87753295898438
6455,56.254150390625
6456,60.52733612060547
6457,95.63826751708984
6458,49.453407287597656
6459,86.44789123535156
6460,88.23109436035156
6461,51.642616271972656
6462,47.27345657348633
6463,63.26130676269531
6464,58.795162200927734
6465,34.393157958984375
6466,31.19770622253418
6467,35.88888931274414
6468,31.311904907226562
6469,27.320751190185547
6470,28.69796371459961
6471,36.344242095947266
6472,45.3685302734375
6473,59.38155746459961
6474,83.26994323730469
6475,111.01333618164062
6476,134.84515380859375
6477,92.66386413574219
6478,127.68929290771484
6479,66.1412124633789
6480,50.436431884765625
6481,148.16940307617188
6482,84.53351593017578
6483,72.69172668457031
6484,72.7298583984375
6485,52.006832122802734
6486,57.48322296142578
6487,49.95368194580078
6488,63.46383285522461
6489,68.07064819335938
6490,65.7318344116211
6491,47.792205810546875
6492,59.43732452392578
6493,81.15631103515625
6494,125.32170867919922
6495,308.327392578125
6496,363.24603271484375
6497,194.61441040039062
6498,122.32823181152344
6499,91.25096893310547
6500,175.39540100097656
6501,148.44671630859375
6502,111.07979583740234
6503,134.70907592773438
6504,137.52810668945312
6505,160.4842071533203
6506,171.81466674804688
6507,122.73237609863281
6508,110.9404525756836
6509,53.568817138671875
6510,46.626644134521484
6511,46.09747314453125
6512,56.79164505004883
6513,43.137569427490234
6514,46.47509002685547
6515,42.0938606262207
6516,35.59829330444336
6517,41.652313232421875
6518,62.58694076538086
6519,181.37911987304688
6520,196.797607421875
6521,178.1885986328125
6522,163.4127197265625
6523,127.84481811523438
6524,116.3560562133789
6525,105.9987564086914
6526,89.27981567382812
6527,110.44779968261719
6528,125.89790344238281
6529,141.60121154785156
6530,139.28726196289062
6531,111.24474334716797
6532,113.05387878417969
6533,113.47718048095703
6534,78.49262237548828
6535,73.07905578613281
6536,88.06895446777344
6537,48.691383361816406
6538,35.00604248046875
6539,66.50747680664062
6540,49.43437194824219
6541,56.38966751098633
6542,70.0347900390625
6543,64.82679748535156
6544,82.07208251953125
6545,158.94004821777344
6546,190.0310821533203
6547,149.60482788085938
6548,188.33969116210938
6549,101.91044616699219
6550,64.0794677734375
6551,72.50032806396484
6552,89.83088684082031
6553,137.4178924560547
6554,104.54241943359375
6555,166.79917907714844
6556,112.89442443847656
6557,77.94862365722656
6558,66.38134002685547
6559,53.05202865600586
6560,34.521331787109375
6561,29.07942771911621
6562,23.326475143432617
6563,23.50562286376953
6564,26.020614624023438
6565,29.93299674987793
6566,33.80544662475586
6567,142.94776916503906
6568,73.70849609375
6569,35.56106185913086
6570,59.65211486816406
6571,65.95542907714844
6572,69.43038940429688
6573,96.01567077636719
6574,69.88983154296875
6575,88.54180908203125
6576,28.5350284576416
6577,44.532379150390625
6578,119.015625
6579,64.92716217041016
6580,26.7188663482666
6581,13.979690551757812
6582,18.65977668762207
6583,23.201900482177734
6584,28.778032302856445
6585,29.828508377075195
6586,19.220672607421875
6587,17.687271118164062
6588,14.77682876586914
6589,16.821704864501953
6590,14.686997413635254
6591,18.782297134399414
6592,19.418495178222656
6593,13.778450012207031
6594,57.64320373535156
6595,63.531768798828125
6596,77.30403137207031
6597,85.3836898803711
6598,72.97697448730469
6599,75.5976791381836
6600,92.34898376464844
6601,144.92750549316406
6602,142.7493896484375
6603,89.43087768554688
6604,37.20713424682617
6605,21.05669593811035
6606,19.402912139892578
6607,30.48741912841797
6608,32.49479293823242
6609,34.26660919189453
6610,39.40086364746094
6611,34.94261932373047
6612,38.847381591796875
6613,60.52058792114258
6614,57.3858642578125
6615,77.46841430664062
6616,132.87127685546875
6617,120.1264419555664
6618,114.00279998779297
6619,99.77023315429688
6620,68.37153625488281
6621,71.39698028564453
6622,46.08924102783203
6623,60.22755432128906
6624,92.85372924804688
6625,81.14197540283203
6626,61.10823440551758
6627,74.73709869384766
6628,108.99790954589844
6629,67.96056365966797
6630,91.57600402832031
6631,94.97620391845703
6632,83.97743225097656
6633,85.09759521484375
6634,48.316497802734375
6635,86.82063293457031
6636,58.904293060302734
6637,74.78590393066406
6638,52.685943603515625
6639,78.43157958984375
6640,88.2918701171875
6641,107.71266174316406
6642,94.89939880371094
6643,121.54412841796875
6644,136.8748321533203
6645,112.12718963623047
6646,116.44702911376953
6647,153.5306396484375
6648,169.24993896484375
6649,190.93336486816406
6650,102.54136657714844
6651,56.11091613769531
6652,35.36360168457031
6653,23.822660446166992
6654,29.19471549987793
6655,47.527591705322266
6656,34.27573013305664
6657,39.90441131591797
6658,23.796829223632812
6659,26.55232048034668
6660,31.265453338623047
6661,55.24397277832031
6662,101.33429718017578
6663,212.41371154785156
6664,137.5552520751953
6665,91.80998992919922
6666,124.30836486816406
6667,77.78379821777344
6668,94.02410125732422
6669,99.45244598388672
6670,102.77947235107422
6671,112.34138488769531
6672,149.21295166015625
6673,197.82777404785156
6674,152.53738403320312
6675,83.49961853027344
6676,40.82410430908203
6677,20.726390838623047
6678,16.040355682373047
6679,19.08953094482422
6680,33.518802642822266
6681,36.36066436767578
6682,21.071800231933594
6683,24.256908416748047
6684,29.47018051147461
6685,54.691307067871094
6686,95.38823699951172
6687,161.91705322265625
6688,233.10797119140625
6689,212.65463256835938
6690,137.54124450683594
6691,109.62232971191406
6692,122.83360290527344
6693,89.4563217163086
6694,58.682701110839844
6695,132.02496337890625
6696,78.47355651855469
6697,59.21548080444336
6698,31.50827407836914
6699,19.947107315063477
6700,28.506410598754883
6701,30.82150650024414
6702,41.3788948059082
6703,46.78915023803711
6704,52.16080856323242
6705,76.31422424316406
6706,66.2214584350586
6707,67.83283233642578
6708,125.37207794189453
6709,182.71331787109375
6710,144.62095642089844
6711,57.966312408447266
6712,24.598735809326172
6713,19.448904037475586
6714,14.772059440612793
6715,14.395453453063965
6716,17.344724655151367
6717,24.960973739624023
6718,41.884544372558594
6719,91.41739654541016
6720,186.9675750732422
6721,143.1732177734375
6722,36.158592224121094
6723,51.1790657043457
6724,106.95510864257812
6725,87.08274841308594
6726,26.16724967956543
6727,22.982967376708984
6728,26.70968246459961
6729,35.901302337646484
6730,34.52526092529297
6731,44.21561050415039
6732,51.65856170654297
6733,48.900882720947266
6734,82.75277709960938
6735,136.063720703125
6736,111.33271026611328
6737,132.1064910888672
6738,123.79448699951172
6739,131.81643676757812
6740,99.70437622070312
6741,103.7117919921875
6742,145.89260864257812
6743,103.91165161132812
6744,113.83084869384766
6745,94.16780090332031
6746,71.13236999511719
6747,61.20061492919922
6748,71.88985443115234
6749,59.57205581665039
6750,30.981000900268555
6751,27.756122589111328
6752,26.420501708984375
6753,25.379364013671875
6754,27.73739242553711
6755,57.64012908935547
6756,115.95930480957031
6757,133.8677978515625
6758,88.48098754882812
6759,66.08636474609375
6760,67.0838394165039
6761,65.54747009277344
6762,65.51609802246094
6763,63.125091552734375
6764,66.15607452392578
6765,64.91276550292969
6766,117.41790771484375
6767,110.13008880615234
6768,99.72911071777344
6769,65.29144287109375
6770,28.180322647094727
6771,32.447452545166016
6772,34.82693099975586
6773,42.99414825439453
6774,19.25170135498047
6775,17.94133186340332
6776,20.351810455322266
6777,24.61650848388672
6778,41.21910858154297
6779,40.594730377197266
6780,161.11962890625
6781,252.2670135498047
6782,62.43218994140625
6783,35.93376922607422
6784,41.28706741333008
6785,63.129127502441406
6786,49.95402145385742
6787,50.797489166259766
6788,56.90534973144531
6789,68.99888610839844
6790,115.30162048339844
6791,103.07626342773438
6792,126.4206314086914
6793,85.81111145019531
6794,42.27595520019531
6795,24.094223022460938
6796,29.45709228515625
6797,39.445396423339844
6798,28.361217498779297
6799,25.38931655883789
6800,20.943771362304688
6801,24.635290145874023
6802,30.37872314453125
6803,57.854286193847656
6804,101.73800659179688
6805,121.30531311035156
6806,61.424888610839844
6807,53.739803314208984
6808,66.1554946899414
6809,60.749298095703125
6810,58.41119384765625
6811,41.475486755371094
6812,62.24116897583008
6813,85.33180236816406
6814,63.04380798339844
6815,92.55066680908203
6816,101.75447082519531
6817,64.49838256835938
6818,66.59650421142578
6819,27.58068084716797
6820,31.9593505859375
6821,38.374759674072266
6822,46.665428161621094
6823,43.23533248901367
6824,45.01887893676758
6825,31.71363639831543
6826,44.608642578125
6827,75.99239349365234
6828,146.60577392578125
6829,119.39157104492188
6830,94.51704406738281
6831,128.5883331298828
6832,108.23306274414062
6833,101.85549926757812
6834,113.22444915771484
6835,66.07823944091797
6836,104.6453857421875
6837,177.98365783691406
6838,186.7662811279297
6839,173.1361083984375
6840,165.893798828125
6841,124.47817993164062
6842,78.84097290039062
6843,55.13727951049805
6844,54.984825134277344
6845,40.41982650756836
6846,28.990097045898438
6847,22.656566619873047
6848,21.639450073242188
6849,23.943815231323242
6850,29.3908748626709
6851,38.44609832763672
6852,75.64798736572266
6853,112.26860809326172
6854,106.82078552246094
6855,105.98483276367188
6856,94.68115234375
6857,122.7156753540039
6858,124.06404113769531
6859,85.97465515136719
6860,107.45435333251953
6861,108.63946533203125
6862,108.96282958984375
6863,77.7642593383789
6864,64.79447174072266
6865,62.266353607177734
6866,48.67861557006836
6867,39.570648193359375
6868,34.30988693237305
6869,39.990234375
6870,51.45876693725586
6871,50.83348846435547
6872,62.42076110839844
6873,76.32875061035156
6874,68.45845794677734
6875,84.18470001220703
6876,111.20048522949219
6877,71.28565979003906
6878,40.20677185058594
6879,55.1539306640625
6880,71.71038818359375
6881,83.81291198730469
6882,92.46238708496094
6883,137.30784606933594
6884,88.79052734375
6885,99.03892517089844
6886,94.2910385131836
6887,46.00297546386719
6888,30.39992332458496
6889,23.029659271240234
6890,14.974869728088379
6891,18.43316650390625
6892,22.525144577026367
6893,24.969654083251953
6894,30.391210556030273
6895,43.29464340209961
6896,56.6143684387207
6897,68.30280303955078
6898,66.00598907470703
6899,102.08238983154297
6900,99.28608703613281
6901,54.21834945678711
6902,51.37690734863281
6903,125.24077606201172
6904,138.0791015625
6905,132.99676513671875
6906,203.6934814453125
6907,168.12701416015625
6908,69.47675323486328
6909,32.757164001464844
6910,49.55146789550781
6911,81.9887466430664
6912,48.63691711425781
6913,40.814453125
6914,29.290809631347656
6915,33.69500732421875
6916,29.796756744384766
6917,40.102481842041016
6918,69.18565368652344
6919,176.42794799804688
6920,161.28677368164062
6921,122.05109405517578
6922,91.46821594238281
6923,88.2785873413086
6924,84.48246765136719
6925,79.99394226074219
6926,127.91912078857422
6927,147.98068237304688
6928,89.70558166503906
6929,95.49313354492188
6930,99.7164306640625
6931,106.31095123291016
6932,101.04251861572266
6933,79.2022476196289
6934,48.0605354309082
6935,59.4029541015625
6936,58.360565185546875
6937,62.572418212890625
6938,70.23804473876953
6939,64.66217803955078
6940,34.488590240478516
6941,51.296138763427734
6942,127.18347930908203
6943,281.0032653808594
6944,337.8431091308594
6945,213.23980712890625
6946,129.10061645507812
6947,151.69410705566406
6948,222.08123779296875
6949,227.3226776123047
6950,168.67889404296875
6951,234.04598999023438
6952,212.1417694091797
6953,170.86708068847656
6954,149.4014434814453
6955,153.14956665039062
6956,175.87548828125
6957,101.08018493652344
6958,66.11861419677734
6959,60.659000396728516
6960,64.23916625976562
6961,64.84861755371094
6962,63.108489990234375
6963,42.00849151611328
6964,48.60654830932617
6965,60.42236328125
6966,61.73615646362305
6967,92.06897735595703
6968,78.9405517578125
6969,80.68482971191406
6970,84.17762756347656
6971,96.87178039550781
6972,120.22628784179688
6973,98.33460998535156
6974,88.250244140625
6975,92.45083618164062
6976,100.42203521728516
6977,162.91970825195312
6978,157.8391571044922
6979,131.91134643554688
6980,87.96233367919922
6981,66.54608154296875
6982,56.76436996459961
6983,47.66602325439453
6984,55.76521682739258
6985,43.96173858642578
6986,39.75212860107422
6987,36.18672180175781
6988,37.62662887573242
6989,32.6534538269043
6990,40.474205017089844
6991,117.23893737792969
6992,121.73676300048828
6993,89.09425354003906
6994,73.90172576904297
6995,76.81401062011719
6996,73.09375
6997,69.60752868652344
6998,59.52372741699219
6999,86.25994873046875
7000,76.14703369140625
7001,133.5851287841797
7002,91.07943725585938
7003,164.32559204101562
7004,103.12680053710938
7005,64.67961883544922
7006,76.04711151123047
7007,105.20492553710938
7008,87.574951171875
7009,63.8111572265625
7010,37.40980529785156
7011,25.147539138793945
7012,25.79840087890625
7013,30.928760528564453
7014,43.74860382080078
7015,52.016807556152344
7016,83.89788818359375
7017,132.31324768066406
7018,93.37062072753906
7019,69.70105743408203
7020,95.4067611694336
7021,95.44050598144531
7022,70.05854034423828
7023,90.40823364257812
7024,116.62177276611328
7025,93.07960510253906
7026,79.91033172607422
7027,82.11431884765625
7028,81.98973083496094
7029,96.49085998535156
7030,80.37315368652344
7031,81.69859313964844
7032,124.9910888671875
7033,92.53255462646484
7034,88.74382019042969
7035,66.31765747070312
7036,58.4600830078125
7037,68.15494537353516
7038,68.37970733642578
7039,56.50104522705078
7040,57.42087173461914
7041,81.31391143798828
7042,93.25225830078125
7043,118.53792572021484
7044,107.70048522949219
7045,96.70293426513672
7046,78.80884552001953
7047,78.13990783691406
7048,122.42871856689453
7049,176.3849639892578
7050,88.93565368652344
7051,44.66514587402344
7052,44.94139862060547
7053,40.90851974487305
7054,35.99510192871094
7055,43.98162841796875
7056,42.578285217285156
7057,44.378089904785156
7058,56.19788360595703
7059,56.9315299987793
7060,54.66987991333008
7061,56.37078857421875
7062,60.14195251464844
7063,74.07342529296875
7064,82.00714874267578
7065,96.62870025634766
7066,113.96453094482422
7067,89.1337890625
7068,104.14392852783203
7069,66.30119323730469
7070,53.61671447753906
7071,105.91929626464844
7072,76.0551986694336
7073,67.40123748779297
7074,70.69023895263672
7075,85.84580993652344
7076,35.9553337097168
7077,55.38591766357422
7078,68.05859375
7079,74.53404998779297
7080,70.00532531738281
7081,81.08524322509766
7082,115.54188537597656
7083,179.30902099609375
7084,196.34051513671875
7085,157.03945922851562
7086,154.35205078125
7087,159.66024780273438
7088,146.347900390625
7089,65.24378967285156
7090,53.899391174316406
7091,60.65103530883789
7092,63.636474609375
7093,65.39523315429688
7094,80.58572387695312
7095,87.56193542480469
7096,65.06370544433594
7097,48.26191329956055
7098,28.448211669921875
7099,29.999147415161133
7100,37.62405014038086
7101,44.818138122558594
7102,39.653602600097656
7103,43.168643951416016
7104,59.649715423583984
7105,45.645423889160156
7106,57.1944694519043
7107,84.66204833984375
7108,119.77618408203125
7109,112.96988677978516
7110,108.59969329833984
7111,102.91009521484375
7112,124.7345199584961
7113,89.02163696289062
7114,95.43489837646484
7115,122.34175872802734
7116,106.8342056274414
7117,111.84896850585938
7118,134.9385986328125
7119,104.50634002685547
7120,68.0396957397461
7121,52.28892517089844
7122,50.336753845214844
7123,45.04789733886719
7124,49.903350830078125
7125,57.038089752197266
7126,51.39904022216797
7127,55.604957580566406
7128,43.4964714050293
7129,53.198211669921875
7130,73.39630126953125
7131,151.93479919433594
7132,262.8882751464844
7133,141.69276428222656
7134,135.06993103027344
7135,141.91673278808594
7136,142.8242645263672
7137,148.4700927734375
7138,144.78993225097656
7139,150.72598266601562
7140,128.4145050048828
7141,155.30650329589844
7142,157.16989135742188
7143,140.8294219970703
7144,117.24063110351562
7145,85.32447814941406
7146,60.01508712768555
7147,71.14561462402344
7148,34.68679428100586
7149,26.872467041015625
7150,33.02141571044922
7151,38.498722076416016
7152,45.31752014160156
7153,53.43994903564453
7154,64.140380859375
7155,136.95309448242188
7156,188.68994140625
7157,120.59013366699219
7158,93.64808654785156
7159,110.6884765625
7160,125.89602661132812
7161,128.9622802734375
7162,94.27413940429688
7163,138.59422302246094
7164,134.59884643554688
7165,111.76995086669922
7166,108.55899047851562
7167,139.8137664794922
7168,69.66775512695312
7169,36.765323638916016
7170,20.42058753967285
7171,25.176837921142578
7172,27.5033016204834
7173,32.75579071044922
7174,27.193099975585938
7175,32.72340393066406
7176,34.673828125
7177,42.02658462524414
7178,44.25559997558594
7179,57.57420349121094
7180,60.73811340332031
7181,95.84271240234375
7182,158.3288116455078
7183,169.2080535888672
7184,142.7188262939453
7185,181.70675659179688
7186,271.4483642578125
7187,109.5889892578125
7188,105.40093994140625
7189,168.88485717773438
7190,102.62113952636719
7191,114.12010192871094
7192,93.65733337402344
7193,48.33708190917969
7194,67.42616271972656
7195,73.21822357177734
7196,74.01617431640625
7197,51.59053039550781
7198,40.36293411254883
7199,36.90995788574219
7200,56.76902770996094
7201,82.32217407226562
7202,144.7906951904297
7203,360.66607666015625
7204,270.5022888183594
7205,172.31947326660156
7206,152.86521911621094
7207,110.96719360351562
7208,163.32876586914062
7209,149.0294189453125
7210,138.67071533203125
7211,124.72517395019531
7212,115.30555725097656
7213,113.98690032958984
7214,128.0078582763672
7215,146.33616638183594
7216,133.26583862304688
7217,98.65313720703125
7218,53.27961349487305
7219,59.3638801574707
7220,45.79975128173828
7221,41.00867462158203
7222,33.42074203491211
7223,44.537940979003906
7224,50.32981491088867
7225,67.64063262939453
7226,100.89942169189453
7227,305.503662109375
7228,304.0784912109375
7229,164.1263427734375
7230,143.68243408203125
7231,142.05780029296875
7232,137.83738708496094
7233,173.05059814453125
7234,157.8543701171875
7235,177.9921875
7236,146.1396484375
7237,154.0257110595703
7238,143.2366180419922
7239,184.7257843017578
7240,146.22982788085938
7241,117.55452728271484
7242,102.8008041381836
7243,46.8873405456543
7244,62.32789611816406
7245,49.362396240234375
7246,22.568309783935547
7247,31.464969635009766
7248,39.647735595703125
7249,68.15692138671875
7250,93.40950012207031
7251,206.43377685546875
7252,193.26434326171875
7253,156.38668823242188
7254,101.23499298095703
7255,87.71646118164062
7256,87.963134765625
7257,73.85901641845703
7258,94.04327392578125
7259,96.84331512451172
7260,98.51960754394531
7261,147.786865234375
7262,170.69973754882812
7263,157.6324462890625
7264,129.54188537597656
7265,58.93901062011719
7266,30.393142700195312
7267,31.967500686645508
7268,29.956186294555664
7269,18.502723693847656
7270,21.157251358032227
7271,20.942468643188477
7272,23.830970764160156
7273,33.67706298828125
7274,81.21302032470703
7275,195.5972137451172
7276,236.1227264404297
7277,136.13340759277344
7278,115.27444458007812
7279,74.08853149414062
7280,52.11797332763672
7281,77.23035430908203
7282,98.2140884399414
7283,117.3690185546875
7284,179.8044891357422
7285,215.0133056640625
7286,142.32879638671875
7287,80.28268432617188
7288,93.70641326904297
7289,46.39898681640625
7290,52.49106216430664
7291,72.93387603759766
7292,55.04035186767578
7293,50.1296501159668
7294,43.16028594970703
7295,59.09850311279297
7296,104.32096099853516
7297,70.43240356445312
7298,90.541748046875
7299,307.28253173828125
7300,184.3337860107422
7301,159.0410614013672
7302,123.37661743164062
7303,89.06706237792969
7304,111.29409790039062
7305,93.75772857666016
7306,94.94970703125
7307,139.6028289794922
7308,197.56674194335938
7309,194.05984497070312
7310,164.10902404785156
7311,148.6064910888672
7312,101.83382415771484
7313,17.785655975341797
7314,19.627958297729492
7315,31.44997215270996
7316,39.743717193603516
7317,37.739383697509766
7318,38.09022903442383
7319,43.17058181762695
7320,35.77143478393555
7321,38.431053161621094
7322,57.88814163208008
7323,111.77296447753906
7324,121.09996032714844
7325,98.4398193359375
7326,79.49480438232422
7327,88.91490173339844
7328,114.06407165527344
7329,126.50900268554688
7330,71.8160400390625
7331,64.31748962402344
7332,89.12300109863281
7333,108.41865539550781
7334,135.3335418701172
7335,56.71442794799805
7336,64.24274444580078
7337,31.168617248535156
7338,48.64207458496094
7339,64.70439910888672
7340,43.81243896484375
7341,31.880699157714844
7342,32.34874725341797
7343,39.606590270996094
7344,33.97274398803711
7345,41.39469909667969
7346,55.195716857910156
7347,42.119224548339844
7348,51.58179473876953
7349,30.235395431518555
7350,31.542434692382812
7351,30.537433624267578
7352,39.409706115722656
7353,33.30509948730469
7354,35.373199462890625
7355,46.335227966308594
7356,47.74748992919922
7357,47.98826599121094
7358,73.12085723876953
7359,66.75996398925781
7360,38.16779327392578
7361,36.29472351074219
7362,47.99953842163086
7363,42.622703552246094
7364,42.262123107910156
7365,45.195068359375
7366,33.471282958984375
7367,33.441280364990234
7368,33.563377380371094
7369,43.99803924560547
7370,65.39311218261719
7371,231.99386596679688
7372,180.89205932617188
7373,120.95711517333984
7374,118.1615219116211
7375,83.49857330322266
7376,96.4090805053711
7377,94.02827453613281
7378,100.79510498046875
7379,94.68580627441406
7380,134.19932556152344
7381,230.66567993164062
7382,206.11788940429688
7383,68.17499542236328
7384,39.68648147583008
7385,21.149982452392578
7386,19.818443298339844
7387,20.842002868652344
7388,20.099945068359375
7389,20.820018768310547
7390,23.626569747924805
7391,30.751375198364258
7392,37.91803741455078
7393,49.415809631347656
7394,72.8979263305664
7395,159.07998657226562
7396,192.21839904785156
7397,177.78175354003906
7398,100.43688201904297
7399,113.63335418701172
7400,113.79132080078125
7401,117.11355590820312
7402,99.6353988647461
7403,94.04598999023438
7404,84.32234954833984
7405,85.71905517578125
7406,82.16891479492188
7407,63.420166015625
7408,13.347858428955078
7409,5.847599983215332
7410,11.8509521484375
7411,26.107784271240234
7412,34.70749282836914
7413,30.605321884155273
7414,21.990148544311523
7415,22.96337890625
7416,28.3092098236084
7417,35.771888732910156
7418,48.55529022216797
7419,113.73857116699219
7420,95.04299926757812
7421,47.77348327636719
7422,43.671756744384766
7423,50.04838180541992
7424,67.72224426269531
7425,95.8968505859375
7426,58.78016662597656
7427,59.671207427978516
7428,61.891639709472656
7429,108.26026153564453
7430,100.81967163085938
7431,111.96768188476562
7432,97.16763305664062
7433,38.1856689453125
7434,56.58061218261719
7435,68.46806335449219
7436,52.631534576416016
7437,41.083560943603516
7438,36.64453887939453
7439,33.66361999511719
7440,39.395381927490234
7441,68.49433898925781
7442,66.51597595214844
7443,238.8515167236328
7444,231.98831176757812
7445,181.847412109375
7446,92.0215072631836
7447,83.87194061279297
7448,84.07180786132812
7449,99.76023864746094
7450,63.42317581176758
7451,101.95457458496094
7452,168.62777709960938
7453,195.67654418945312
7454,125.07720947265625
7455,77.0242691040039
7456,58.63629913330078
7457,29.598358154296875
7458,28.200498580932617
7459,34.141632080078125
7460,38.81195068359375
7461,40.60778045654297
7462,49.18845748901367
7463,71.18742370605469
7464,72.71192932128906
7465,89.28601837158203
7466,113.05186462402344
7467,199.1106719970703
7468,204.4246826171875
7469,129.5247039794922
7470,115.71795654296875
7471,116.67882537841797
7472,116.13544464111328
7473,57.46730041503906
7474,69.87732696533203
7475,94.60408020019531
7476,74.29397583007812
7477,64.1097640991211
7478,69.00369262695312
7479,149.85797119140625
7480,167.84725952148438
7481,93.45196533203125
7482,48.15021514892578
7483,47.71590805053711
7484,23.88310432434082
7485,17.836387634277344
7486,9.88570499420166
7487,11.127999305725098
7488,16.63004493713379
7489,14.453269958496094
7490,16.461475372314453
7491,22.792726516723633
7492,29.000852584838867
7493,34.79289627075195
7494,29.895437240600586
7495,27.240829467773438
7496,26.683149337768555
7497,31.596704483032227
7498,11.574063301086426
7499,9.829533576965332
7500,12.421754837036133
7501,14.864004135131836
7502,26.590513229370117
7503,30.519603729248047
7504,77.98028564453125
7505,52.99889373779297
7506,35.590301513671875
7507,18.76432228088379
7508,13.705901145935059
7509,16.656970977783203
7510,17.565675735473633
7511,20.590620040893555
7512,18.39996337890625
7513,26.294538497924805
7514,30.94294548034668
7515,39.57358169555664
7516,64.71781158447266
7517,73.69403839111328
7518,64.15877532958984
7519,59.52447509765625
7520,58.7510986328125
7521,49.99269104003906
7522,57.68510818481445
7523,41.21295928955078
7524,32.140480041503906
7525,41.69586944580078
7526,60.00004959106445
7527,72.22735595703125
7528,52.908260345458984
7529,54.11357498168945
7530,70.12698364257812
7531,68.32838439941406
7532,85.17588806152344
7533,83.48564147949219
7534,42.43571090698242
7535,35.34965515136719
7536,27.213272094726562
7537,34.744537353515625
7538,59.887237548828125
7539,152.4019317626953
7540,87.56751251220703
7541,49.979637145996094
7542,42.84814453125
7543,45.569427490234375
7544,54.30636215209961
7545,61.25366973876953
7546,75.34272766113281
7547,57.33830642700195
7548,53.090599060058594
7549,63.42293167114258
7550,50.595855712890625
7551,43.687095642089844
7552,30.709857940673828
7553,26.801265716552734
7554,30.20461654663086
7555,31.610898971557617
7556,29.023162841796875
7557,28.800395965576172
7558,27.69742774963379
7559,29.63747787475586
7560,29.904550552368164
7561,31.573793411254883
7562,34.839378356933594
7563,59.46781921386719
7564,82.82525634765625
7565,74.9320068359375
7566,48.2436408996582
7567,47.35606002807617
7568,47.85653305053711
7569,53.809410095214844
7570,50.3973388671875
7571,52.3906364440918
7572,56.85009765625
7573,67.3681411743164
7574,74.71745300292969
7575,82.55277252197266
7576,47.32140350341797
7577,42.03288269042969
7578,40.38836669921875
7579,38.76564025878906
7580,38.22107696533203
7581,33.234230041503906
7582,30.441261291503906
7583,29.24676513671875
7584,28.43730354309082
7585,34.108123779296875
7586,45.857852935791016
7587,60.62599182128906
7588,65.71592712402344
7589,45.77655792236328
7590,45.681060791015625
7591,40.596622467041016
7592,47.44145965576172
7593,60.38310241699219
7594,46.24403381347656
7595,52.50861358642578
7596,54.77384948730469
7597,78.90259552001953
7598,74.64765930175781
7599,64.00090789794922
7600,59.64763259887695
7601,39.658042907714844
7602,41.446380615234375
7603,43.76224899291992
7604,41.697410583496094
7605,49.86735534667969
7606,35.27529525756836
7607,29.812562942504883
7608,28.86588478088379
7609,37.01531219482422
7610,45.351043701171875
7611,98.20736694335938
7612,86.82942962646484
7613,55.63203811645508
7614,44.74610900878906
7615,43.11305618286133
7616,55.92500305175781
7617,62.68149185180664
7618,59.123783111572266
7619,54.428123474121094
7620,54.70893859863281
7621,65.6060791015625
7622,72.310791015625
7623,71.22085571289062
7624,41.04924011230469
7625,33.70570373535156
7626,41.87441635131836
7627,41.020965576171875
7628,38.65042495727539
7629,40.172481536865234
7630,38.52235794067383
7631,41.986412048339844
7632,36.916114807128906
7633,47.99547576904297
7634,47.79026412963867
7635,92.0685806274414
7636,84.70155334472656
7637,56.87506866455078
7638,51.46638488769531
7639,44.35126495361328
7640,44.14887619018555
7641,57.09413146972656
7642,41.718994140625
7643,37.36147689819336
7644,23.076148986816406
7645,23.956207275390625
7646,26.051509857177734
7647,28.279024124145508
7648,30.52060317993164
7649,36.87202453613281
7650,50.599918365478516
7651,64.69465637207031
7652,63.34218978881836
7653,64.62399291992188
7654,59.0195198059082
7655,61.5970573425293
7656,67.7982177734375
7657,55.586875915527344
7658,58.69374084472656
7659,64.8830337524414
7660,63.438045501708984
7661,57.752166748046875
7662,61.213401794433594
7663,55.9594612121582
7664,44.485084533691406
7665,46.171417236328125
7666,56.050140380859375
7667,59.58332061767578
7668,49.879119873046875
7669,57.294673919677734
7670,57.88802719116211
7671,35.978389739990234
7672,33.53215408325195
7673,31.62394905090332
7674,35.21710205078125
7675,45.96128463745117
7676,49.52999496459961
7677,52.324851989746094
7678,54.66143798828125
7679,47.75119400024414
7680,45.342750549316406
7681,41.967918395996094
7682,42.28511047363281
7683,49.31492614746094
7684,40.00542449951172
7685,43.03419494628906
7686,49.27124786376953
7687,47.167076110839844
7688,35.133209228515625
7689,47.819576263427734
7690,60.93150329589844
7691,46.23005676269531
7692,27.391345977783203
7693,23.56731605529785
7694,24.916015625
7695,27.29770278930664
7696,31.063364028930664
7697,43.121177673339844
7698,86.13973999023438
7699,177.77467346191406
7700,111.03437805175781
7701,59.34877014160156
7702,56.03099060058594
7703,49.83154296875
7704,47.777549743652344
7705,62.602073669433594
7706,75.24250030517578
7707,105.25116729736328
7708,131.09503173828125
7709,138.43362426757812
7710,125.94159698486328
7711,50.33955764770508
7712,15.844913482666016
7713,10.037078857421875
7714,10.943100929260254
7715,13.020222663879395
7716,19.089920043945312
7717,27.850011825561523
7718,36.48419952392578
7719,42.35009002685547
7720,43.366641998291016
7721,61.71226119995117
7722,173.35214233398438
7723,151.59840393066406
7724,101.43486785888672
7725,102.6562728881836
7726,92.71796417236328
7727,77.0752944946289
7728,87.81644439697266
7729,75.07008361816406
7730,73.47826385498047
7731,87.66191101074219
7732,69.41162109375
7733,71.50486755371094
7734,63.32709884643555
7735,37.73740005493164
7736,25.495317459106445
7737,24.69785499572754
7738,27.743085861206055
7739,35.661746978759766
7740,54.92415237426758
7741,69.81898498535156
7742,54.922340393066406
7743,45.404090881347656
7744,54.033241271972656
7745,54.60980987548828
7746,149.64247131347656
7747,243.5214080810547
7748,145.13584899902344
7749,94.29067993164062
7750,83.57339477539062
7751,45.223052978515625
7752,44.077789306640625
7753,42.24018096923828
7754,49.901119232177734
7755,92.18252563476562
7756,164.1556396484375
7757,200.3202362060547
7758,187.7826385498047
7759,82.64768981933594
7760,20.656532287597656
7761,19.971662521362305
7762,17.583663940429688
7763,20.91712188720703
7764,20.166431427001953
7765,22.740510940551758
7766,32.073387145996094
7767,35.74790954589844
7768,36.0897216796875
7769,46.41912841796875
7770,116.50237274169922
7771,187.60025024414062
7772,102.54483032226562
7773,48.77354431152344
7774,29.648780822753906
7775,38.46553039550781
7776,42.432769775390625
7777,39.6629638671875
7778,39.80139923095703
7779,56.13750457763672
7780,164.8717803955078
7781,144.7062530517578
7782,72.57757568359375
7783,34.65700912475586
7784,36.11715316772461
7785,16.65775489807129
7786,9.271309852600098
7787,9.837016105651855
7788,10.570043563842773
7789,23.084320068359375
7790,22.07725715637207
7791,24.50764274597168
7792,39.03998947143555
7793,50.3221435546875
7794,107.03616333007812
7795,69.52045440673828
7796,52.945213317871094
7797,55.59688949584961
7798,23.22894287109375
7799,20.11765480041504
7800,35.02178192138672
7801,24.994617462158203
7802,24.047868728637695
7803,35.70219802856445
7804,42.01815414428711
7805,56.96540832519531
7806,47.66557312011719
7807,45.95286560058594
7808,23.30976104736328
7809,22.496322631835938
7810,26.078754425048828
7811,28.044212341308594
7812,29.419464111328125
7813,54.28086853027344
7814,54.103431701660156
7815,38.39912033081055
7816,42.79590606689453
7817,42.60218811035156
7818,60.77521514892578
7819,44.01817321777344
7820,14.184043884277344
7821,13.244211196899414
7822,16.995319366455078
7823,25.069412231445312
7824,28.215938568115234
7825,28.585002899169922
7826,32.582454681396484
7827,33.2279052734375
7828,39.455039978027344
7829,49.640323638916016
7830,44.54261016845703
7831,43.514617919921875
7832,33.0726203918457
7833,39.18071746826172
7834,35.32381057739258
7835,33.647098541259766
7836,36.470680236816406
7837,36.32183837890625
7838,41.89905548095703
7839,37.14567947387695
7840,35.427249908447266
7841,39.42854309082031
7842,38.49596405029297
7843,45.30009460449219
7844,75.64634704589844
7845,74.2077865600586
7846,45.246578216552734
7847,37.05003356933594
7848,31.689739227294922
7849,32.586395263671875
7850,42.46600341796875
7851,51.026458740234375
7852,41.21196365356445
7853,51.77751159667969
7854,50.82990264892578
7855,39.38346862792969
7856,33.49422073364258
7857,34.99685287475586
7858,38.08378982543945
7859,39.79718780517578
7860,39.67861557006836
7861,38.11039352416992
7862,37.62879943847656
7863,44.418312072753906
7864,51.36164855957031
7865,61.33021545410156
7866,85.88528442382812
7867,62.97376251220703
7868,43.31397247314453
7869,36.04485321044922
7870,31.571550369262695
7871,36.27081298828125
7872,35.21354293823242
7873,33.928062438964844
7874,34.76810836791992
7875,42.20972442626953
7876,44.47924041748047
7877,46.18497085571289
7878,44.85272979736328
7879,31.270355224609375
7880,26.69396209716797
7881,29.39142417907715
7882,33.98517608642578
7883,33.80654525756836
7884,29.157865524291992
7885,25.053264617919922
7886,39.577362060546875
7887,51.674156188964844
7888,55.477622985839844
7889,66.21005249023438
7890,102.43902587890625
7891,110.80937957763672
7892,51.089111328125
7893,42.1123046875
7894,42.48616409301758
7895,39.89179229736328
7896,49.07878112792969
7897,30.033008575439453
7898,24.441804885864258
7899,148.1494903564453
7900,97.38690185546875
7901,75.25762939453125
7902,78.76251220703125
7903,66.312744140625
7904,42.755149841308594
7905,29.617389678955078
7906,29.68939971923828
7907,36.95555877685547
7908,44.075767517089844
7909,50.90098190307617
7910,61.893165588378906
7911,60.29886245727539
7912,59.284088134765625
7913,72.32588958740234
7914,73.93644714355469
7915,81.67481994628906
7916,78.92164611816406
7917,65.3906478881836
7918,67.00469970703125
7919,70.38375091552734
7920,97.22789764404297
7921,100.51487731933594
7922,100.19744873046875
7923,82.1823959350586
7924,72.53117370605469
7925,59.21206283569336
7926,48.462242126464844
7927,45.11309051513672
7928,30.08724594116211
7929,19.740657806396484
7930,27.411741256713867
7931,29.092769622802734
7932,26.850385665893555
7933,31.019147872924805
7934,44.797794342041016
7935,64.87942504882812
7936,66.6151351928711
7937,58.26861572265625
7938,28.000944137573242
7939,32.418216705322266
7940,52.970619201660156
7941,89.49864196777344
7942,60.120121002197266
7943,60.54966735839844
7944,177.5753173828125
7945,93.38245391845703
7946,72.57028198242188
7947,35.593040466308594
7948,56.976131439208984
7949,65.97775268554688
7950,62.00617980957031
7951,71.85736846923828
7952,58.819515228271484
7953,50.733116149902344
7954,45.87331771850586
7955,48.52745056152344
7956,77.81682586669922
7957,50.466732025146484
7958,168.4613037109375
7959,106.00962829589844
7960,71.89847564697266
7961,113.84947204589844
7962,58.61259078979492
7963,63.509246826171875
7964,66.26863098144531
7965,60.105377197265625
7966,55.13112258911133
7967,59.421878814697266
7968,86.71525573730469
7969,135.9902801513672
7970,82.68994140625
7971,53.06981658935547
7972,32.1680908203125
7973,37.7425537109375
7974,27.106943130493164
7975,25.671436309814453
7976,23.87129020690918
7977,25.507076263427734
7978,26.90704345703125
7979,26.10265350341797
7980,42.783294677734375
7981,61.946632385253906
7982,91.26416015625
7983,72.69709777832031
7984,48.87289810180664
7985,31.468740463256836
7986,37.53919219970703
7987,45.069313049316406
7988,40.88928985595703
7989,32.9818229675293
7990,49.28717803955078
7991,57.45319366455078
7992,96.61566162109375
7993,103.84114074707031
7994,101.715576171875
7995,77.2495346069336
7996,42.28040313720703
7997,48.17901611328125
7998,42.39579772949219
7999,52.643821716308594
8000,42.109779357910156
8001,41.13742446899414
8002,35.76731491088867
8003,34.51862335205078
8004,41.47578048706055
8005,59.00515365600586
8006,97.15579223632812
8007,72.42147827148438
8008,30.133209228515625
8009,20.97273826599121
8010,19.529212951660156
8011,32.942161560058594
8012,36.92215347290039
8013,40.12226104736328
8014,42.59765625
8015,54.254459381103516
8016,82.24024963378906
8017,144.04051208496094
8018,204.15586853027344
8019,114.48247528076172
8020,46.107444763183594
8021,32.029205322265625
8022,46.07666015625
8023,33.54936599731445
8024,37.947479248046875
8025,26.46978759765625
8026,24.32307243347168
8027,24.331205368041992
8028,32.212162017822266
8029,68.95858001708984
8030,102.94245910644531
8031,88.59429931640625
8032,41.727142333984375
8033,32.35585021972656
8034,38.51936340332031
8035,50.783966064453125
8036,68.89906311035156
8037,50.54364013671875
8038,52.88583755493164
8039,55.25368118286133
8040,91.00157928466797
8041,88.80833435058594
8042,100.6797866821289
8043,52.336753845214844
8044,43.14078903198242
8045,29.394323348999023
8046,38.0984992980957
8047,42.14393615722656
8048,40.84455108642578
8049,47.01163101196289
8050,41.56889724731445
8051,37.34578323364258
8052,53.25778579711914
8053,64.136962890625
8054,127.57023620605469
8055,114.21653747558594
8056,73.6615982055664
8057,46.568302154541016
8058,44.390987396240234
8059,49.929534912109375
8060,58.124515533447266
8061,69.47661590576172
8062,72.90399169921875
8063,107.71147155761719
8064,96.56782531738281
8065,106.97745513916016
8066,126.22052764892578
8067,52.88092803955078
8068,45.07898712158203
8069,48.50452423095703
8070,27.065366744995117
8071,20.992958068847656
8072,17.000816345214844
8073,23.356508255004883
8074,26.21057891845703
8075,33.92579650878906
8076,39.10870361328125
8077,52.016273498535156
8078,67.62773895263672
8079,58.7409553527832
8080,39.7317008972168
8081,42.967044830322266
8082,37.34331512451172
8083,24.89008903503418
8084,32.51495361328125
8085,32.54686737060547
8086,38.92066955566406
8087,55.906089782714844
8088,70.11508178710938
8089,85.07391357421875
8090,86.4166259765625
8091,73.9032211303711
8092,57.199073791503906
8093,37.25251770019531
8094,37.05378723144531
8095,30.963483810424805
8096,47.65439987182617
8097,40.83387756347656
8098,39.47598648071289
8099,30.222679138183594
8100,27.57351303100586
8101,34.71348571777344
8102,46.47507858276367
8103,53.67177200317383
8104,70.33396911621094
8105,74.31620788574219
8106,76.96241760253906
8107,77.3318862915039
8108,71.06475067138672
8109,85.22332000732422
8110,83.91930389404297
8111,72.09510803222656
8112,77.6387710571289
8113,67.18672943115234
8114,82.69696044921875
8115,67.79864501953125
8116,62.47246170043945
8117,70.21216583251953
8118,72.45040130615234
8119,57.84780502319336
8120,48.597110748291016
8121,36.19129943847656
8122,42.087646484375
8123,54.29518127441406
8124,73.0675048828125
8125,115.58940887451172
8126,180.1829376220703
8127,142.83880615234375
8128,71.20563507080078
8129,49.6221809387207
8130,45.712398529052734
8131,64.31300354003906
8132,52.830684661865234
8133,49.448646545410156
8134,60.82147979736328
8135,66.71419525146484
8136,54.04977798461914
8137,139.89268493652344
8138,128.85003662109375
8139,33.35767364501953
8140,22.17474937438965
8141,23.584461212158203
8142,26.62598419189453
8143,36.4473876953125
8144,33.992759704589844
8145,26.69368553161621
8146,30.330108642578125
8147,44.25702667236328
8148,67.99325561523438
8149,103.05860137939453
8150,136.91744995117188
8151,201.3253173828125
8152,74.2320327758789
8153,27.683063507080078
8154,38.7523307800293
8155,42.77433776855469
8156,49.37062072753906
8157,33.99085235595703
8158,41.97415542602539
8159,26.66817855834961
8160,34.25114822387695
8161,45.1143798828125
8162,26.958843231201172
8163,31.993135452270508
8164,19.561920166015625
8165,22.167335510253906
8166,38.817684173583984
8167,38.93033981323242
8168,34.09300994873047
8169,32.828128814697266
8170,39.43548583984375
8171,32.48924255371094
8172,35.317344665527344
8173,47.8775749206543
8174,94.73103332519531
8175,61.724788665771484
8176,40.67863082885742
8177,37.69954299926758
8178,39.35161209106445
8179,58.43207550048828
8180,59.36220932006836
8181,48.53492736816406
8182,43.43312072753906
8183,41.240665435791016
8184,40.36763000488281
8185,44.036827087402344
8186,44.50663757324219
8187,35.426902770996094
8188,28.994802474975586
8189,17.384437561035156
8190,20.376054763793945
8191,20.427743911743164
8192,29.839521408081055
8193,28.538240432739258
8194,34.51443099975586
8195,36.280757904052734
8196,53.476585388183594
8197,74.26512145996094
8198,96.62776947021484
8199,85.95906066894531
8200,38.93306350708008
8201,20.271629333496094
8202,17.655681610107422
8203,25.512351989746094
8204,31.190698623657227
8205,45.657569885253906
8206,48.706398010253906
8207,47.34608840942383
8208,63.094459533691406
8209,59.947715759277344
8210,49.361228942871094
8211,34.63800811767578
8212,15.129307746887207
8213,14.851829528808594
8214,18.74697494506836
8215,18.44437599182129
8216,16.282855987548828
8217,19.835216522216797
8218,26.79532814025879
8219,25.068622589111328
8220,35.27732849121094
8221,44.87648010253906
8222,169.97994995117188
8223,272.88116455078125
8224,164.2369384765625
8225,109.65798950195312
8226,41.49542236328125
8227,48.90960693359375
8228,55.51563262939453
8229,50.85544204711914
8230,62.73404312133789
8231,72.51319122314453
8232,94.57618713378906
8233,88.99910736083984
8234,101.43921661376953
8235,44.28321075439453
8236,65.28758239746094
8237,59.716121673583984
8238,50.22968292236328
8239,36.75497055053711
8240,36.96860122680664
8241,52.84608840942383
8242,50.045921325683594
8243,40.37041091918945
8244,36.48709487915039
8245,31.537321090698242
8246,46.82213592529297
8247,54.555320739746094
8248,52.35425567626953
8249,52.86302185058594
8250,66.76190185546875
8251,77.76148223876953
8252,75.84326171875
8253,59.336483001708984
8254,62.36015319824219
8255,73.25110626220703
8256,74.94793701171875
8257,81.86228942871094
8258,131.4827117919922
8259,92.96147155761719
8260,92.12934875488281
8261,109.17591857910156
8262,114.6787338256836
8263,70.31539916992188
8264,42.812686920166016
8265,57.28775405883789
8266,50.10247039794922
8267,40.097171783447266
8268,51.60884094238281
8269,59.0376091003418
8270,60.1031608581543
8271,61.556148529052734
8272,93.3384017944336
8273,73.9541015625
8274,56.86140823364258
8275,55.63344192504883
8276,39.30739212036133
8277,39.085205078125
8278,43.205875396728516
8279,42.5179328918457
8280,45.01465606689453
8281,59.127681732177734
8282,69.68427276611328
8283,36.37110137939453
8284,31.162927627563477
8285,48.872291564941406
8286,52.359317779541016
8287,34.689361572265625
8288,29.292621612548828
8289,24.762493133544922
8290,23.897804260253906
8291,24.853633880615234
8292,26.296602249145508
8293,33.38064956665039
8294,63.43998336791992
8295,69.21517944335938
8296,52.18899154663086
8297,42.839698791503906
8298,36.994998931884766
8299,47.51483154296875
8300,44.9266357421875
8301,35.4028205871582
8302,38.06382751464844
8303,39.95037841796875
8304,80.11046600341797
8305,94.7121353149414
8306,84.72142028808594
8307,45.27381896972656
8308,30.133270263671875
8309,25.93844223022461
8310,27.383426666259766
8311,28.49839973449707
8312,26.554443359375
8313,21.098590850830078
8314,21.791873931884766
8315,24.030471801757812
8316,25.707509994506836
8317,32.369014739990234
8318,81.80359649658203
8319,88.9346694946289
8320,53.8788948059082
8321,35.78965759277344
8322,31.01207160949707
8323,38.22050476074219
8324,46.478248596191406
8325,42.6972770690918
8326,44.282344818115234
8327,41.388038635253906
8328,64.33293914794922
8329,91.5755615234375
8330,100.88804626464844
8331,53.17559051513672
8332,29.451683044433594
8333,31.1833553314209
8334,29.905073165893555
8335,27.001384735107422
8336,26.399673461914062
8337,29.5797176361084
8338,36.15907287597656
8339,37.832496643066406
8340,45.00990295410156
8341,61.57676315307617
8342,160.10519409179688
8343,135.774169921875
8344,68.30181121826172
8345,65.82554626464844
8346,35.84697723388672
8347,34.6924934387207
8348,56.281620025634766
8349,40.405845642089844
8350,49.81959533691406
8351,49.76041793823242
8352,107.03812408447266
8353,156.95440673828125
8354,116.50455474853516
8355,45.65347671508789
8356,22.805824279785156
8357,19.896461486816406
8358,24.335601806640625
8359,26.2071533203125
8360,27.824064254760742
8361,35.278297424316406
8362,47.368812561035156
8363,54.64869689941406
8364,65.18563079833984
8365,72.30044555664062
8366,170.4860076904297
8367,141.26345825195312
8368,48.02764129638672
8369,43.122249603271484
8370,34.284873962402344
8371,33.80562210083008
8372,40.45071792602539
8373,44.92631530761719
8374,52.090576171875
8375,69.89361572265625
8376,153.3510284423828
8377,157.97068786621094
8378,101.93380737304688
8379,64.61992645263672
8380,42.22917175292969
8381,39.096439361572266
8382,45.62357711791992
8383,44.27802658081055
8384,35.30906677246094
8385,31.703725814819336
8386,23.379974365234375
8387,42.988128662109375
8388,60.87541961669922
8389,101.94023895263672
8390,219.7372589111328
8391,263.7620849609375
8392,125.0473403930664
8393,93.76034545898438
8394,89.22464752197266
8395,97.97225952148438
8396,92.86666870117188
8397,93.3221664428711
8398,102.56230926513672
8399,99.45111083984375
8400,76.69325256347656
8401,67.97842407226562
8402,93.80455017089844
8403,27.557167053222656
8404,16.94251823425293
8405,25.222766876220703
8406,28.771543502807617
8407,37.91229248046875
8408,23.909833908081055
8409,37.10337829589844
8410,37.02876663208008
8411,36.50266647338867
8412,46.88359832763672
8413,26.740352630615234
8414,52.736141204833984
8415,73.71088409423828
8416,33.141056060791016
8417,48.85310363769531
8418,54.687957763671875
8419,68.55248260498047
8420,77.93815612792969
8421,57.20509719848633
8422,65.63092041015625
8423,79.03147888183594
8424,77.44267272949219
8425,83.30744934082031
8426,87.45137023925781
8427,74.54441833496094
8428,48.2005729675293
8429,45.939544677734375
8430,60.7979621887207
8431,30.191295623779297
8432,19.608304977416992
8433,20.725364685058594
8434,25.06771469116211
8435,27.796464920043945
8436,28.13088607788086
8437,36.81972885131836
8438,39.24589538574219
8439,46.26254653930664
8440,42.80742263793945
8441,50.39111328125
8442,50.634857177734375
8443,54.065162658691406
8444,102.10466003417969
8445,192.31027221679688
8446,56.02253341674805
8447,57.52888870239258
8448,79.17448425292969
8449,52.85994338989258
8450,39.91748046875
8451,35.003665924072266
8452,33.61006164550781
8453,38.4311637878418
8454,35.08379364013672
8455,38.90873336791992
8456,33.512611389160156
8457,24.15606117248535
8458,24.4051456451416
8459,30.433727264404297
8460,33.56554412841797
8461,49.818603515625
8462,89.8978271484375
8463,93.85945129394531
8464,63.502174377441406
8465,45.217193603515625
8466,40.128273010253906
8467,36.92190933227539
8468,39.46900939941406
8469,39.767738342285156
8470,38.98906326293945
8471,45.61937713623047
8472,55.568233489990234
8473,92.76618957519531
8474,88.53254699707031
8475,39.522544860839844
8476,22.048444747924805
8477,29.37889289855957
8478,25.113025665283203
8479,33.61153030395508
8480,27.063573837280273
8481,27.349218368530273
8482,34.23739242553711
8483,36.9445915222168
8484,43.99886703491211
8485,61.54442596435547
8486,197.37747192382812
8487,239.01283264160156
8488,115.41036224365234
8489,64.19644165039062
8490,27.54290008544922
8491,26.452266693115234
8492,41.31638717651367
8493,42.178070068359375
8494,45.28776550292969
8495,43.285057067871094
8496,92.55397033691406
8497,154.11593627929688
8498,140.897216796875
8499,54.42088317871094
8500,27.117647171020508
8501,13.714739799499512
8502,14.79616641998291
8503,17.14979362487793
8504,19.03769302368164
8505,22.161861419677734
8506,30.2427978515625
8507,39.55229568481445
8508,49.84828186035156
8509,76.8968734741211
8510,219.9221649169922
8511,206.92398071289062
8512,110.07615661621094
8513,71.1075439453125
8514,48.94135284423828
8515,62.39775085449219
8516,71.76972961425781
8517,73.95181274414062
8518,78.35771942138672
8519,113.12471008300781
8520,204.09698486328125
8521,218.12078857421875
8522,185.49110412597656
8523,147.27565002441406
8524,36.97260284423828
8525,29.530471801757812
8526,29.21183967590332
8527,27.924297332763672
8528,33.325103759765625
8529,43.3681526184082
8530,46.551002502441406
8531,48.32184982299805
8532,56.736724853515625
8533,96.413818359375
8534,310.37359619140625
8535,205.181884765625
8536,120.77592468261719
8537,90.8721694946289
8538,79.43924713134766
8539,82.15579223632812
8540,77.65455627441406
8541,76.09613800048828
8542,50.003318786621094
8543,73.59718322753906
8544,127.09305572509766
8545,174.22911071777344
8546,180.06219482421875
8547,96.42194366455078
8548,31.102375030517578
8549,16.59206771850586
8550,19.446876525878906
8551,22.65240478515625
8552,21.054109573364258
8553,24.42181968688965
8554,39.57845687866211
8555,35.71649932861328
8556,43.30733871459961
8557,57.5284423828125
8558,153.39093017578125
8559,227.35382080078125
8560,144.0254364013672
8561,57.48876953125
8562,77.91350555419922
8563,114.87173461914062
8564,93.04570007324219
8565,71.42581176757812
8566,70.78804016113281
8567,94.547607421875
8568,168.48667907714844
8569,148.62347412109375
8570,70.48849487304688
8571,23.098758697509766
8572,19.481273651123047
8573,23.74915313720703
8574,18.833234786987305
8575,26.19037628173828
8576,30.203472137451172
8577,30.264005661010742
8578,36.200599670410156
8579,41.083106994628906
8580,55.067508697509766
8581,67.39977264404297
8582,101.71566772460938
8583,101.24903869628906
8584,100.16068267822266
8585,80.2719497680664
8586,68.50596618652344
8587,87.2753677368164
8588,61.420631408691406
8589,79.45114135742188
8590,93.0800552368164
8591,100.58621215820312
8592,89.44712829589844
8593,151.1273193359375
8594,118.16748809814453
8595,35.749874114990234
8596,25.683507919311523
8597,24.34326934814453
8598,32.685523986816406
8599,41.38775634765625
8600,44.162418365478516
8601,61.90681457519531
8602,68.46452331542969
8603,44.788055419921875
8604,62.5652961730957
8605,74.0257568359375
8606,71.57646942138672
8607,98.95533752441406
8608,114.93650817871094
8609,138.40982055664062
8610,101.60910034179688
8611,40.550018310546875
8612,46.535221099853516
8613,72.65599822998047
8614,88.25960540771484
8615,110.53599548339844
8616,204.52294921875
8617,117.85576629638672
8618,43.0526123046875
8619,47.03623580932617
8620,42.945560455322266
8621,24.468921661376953
8622,35.6472053527832
8623,43.80624008178711
8624,43.317543029785156
8625,50.02937316894531
8626,54.99424743652344
8627,80.48486328125
8628,114.05924224853516
8629,236.75778198242188
8630,241.7364501953125
8631,107.87425994873047
8632,47.63037109375
8633,56.673545837402344
8634,71.10802459716797
8635,97.59175872802734
8636,99.07780456542969
8637,145.35914611816406
8638,185.32550048828125
8639,249.90310668945312
8640,236.79066467285156
8641,201.75808715820312
8642,103.39341735839844
8643,41.246376037597656
8644,28.308944702148438
8645,19.31107521057129
8646,12.723986625671387
8647,19.62167739868164
8648,29.680145263671875
8649,29.55051040649414
8650,35.54912185668945
8651,59.16083526611328
8652,80.11479949951172
8653,220.78102111816406
8654,235.59100341796875
8655,181.48768615722656
8656,128.34194946289062
8657,92.26124572753906
8658,100.21376037597656
8659,108.09158325195312
8660,119.27778625488281
8661,144.94754028320312
8662,159.26214599609375
8663,209.68582153320312
8664,240.19683837890625
8665,219.31454467773438
8666,145.90773010253906
8667,41.39311218261719
8668,20.603580474853516
8669,17.147747039794922
8670,14.124728202819824
8671,15.229005813598633
8672,17.565893173217773
8673,20.63098907470703
8674,22.916996002197266
8675,36.89914321899414
8676,46.65336990356445
8677,123.3616714477539
8678,261.56182861328125
8679,160.986572265625
8680,104.14097595214844
8681,87.92726135253906
8682,76.154541015625
8683,75.15979766845703
8684,109.83753967285156
8685,81.47058868408203
8686,94.84915161132812
8687,93.7340087890625
8688,120.67887878417969
8689,101.0001449584961
8690,92.33242797851562
8691,46.60460662841797
8692,25.787811279296875
8693,13.03036880493164
8694,7.5216569900512695
8695,6.437486171722412
8696,7.676211357116699
8697,13.42896842956543
8698,13.873614311218262
8699,22.894927978515625
8700,59.131813049316406
8701,197.4365997314453
8702,195.62008666992188
8703,115.04729461669922
8704,71.2516860961914
8705,55.55205154418945
8706,53.90009689331055
8707,67.29925537109375
8708,71.79618072509766
8709,73.61760711669922
8710,53.461158752441406
8711,91.04119873046875
8712,124.6736831665039
8713,148.39947509765625
8714,104.5403060913086
8715,35.048126220703125
8716,20.904645919799805
8717,12.167929649353027
8718,10.011360168457031
8719,10.51370906829834
8720,9.748432159423828
8721,10.523277282714844
8722,9.553030967712402
8723,15.814619064331055
8724,34.246734619140625
8725,124.0328598022461
8726,193.0205078125
8727,124.39910125732422
8728,91.8671875
8729,67.63938903808594
8730,81.64856719970703
8731,72.5904541015625
8732,96.19222259521484
8733,114.57243347167969
8734,110.81439208984375
8735,115.72474670410156
8736,142.84429931640625
8737,128.7449493408203
8738,95.08170318603516
8739,26.568571090698242
8740,17.074918746948242
8741,15.397015571594238
8742,15.19929027557373
8743,8.621397018432617
8744,12.431172370910645
8745,15.085938453674316
8746,19.300628662109375
8747,20.627029418945312
8748,39.397769927978516
8749,110.74014282226562
8750,119.15494537353516
8751,96.36993408203125
8752,84.28932189941406
8753,72.99266815185547
8754,73.33705139160156
8755,63.78248596191406
8756,61.42340087890625
8757,107.43067169189453
8758,76.49485778808594
8759,94.10002899169922
8760,147.770263671875
8761,150.1822509765625
8762,94.57061767578125
8763,51.20668029785156
8764,51.06262969970703
8765,49.94640350341797
8766,44.79608154296875
8767,35.3468132019043
8768,34.93117141723633
8769,43.097084045410156
8770,48.796913146972656
8771,41.40189743041992
8772,54.289459228515625
8773,51.46709442138672
8774,76.13695526123047
8775,119.50236511230469
8776,127.10990905761719
8777,62.326988220214844
8778,57.78265380859375
8779,45.49114227294922
8780,69.59796905517578
8781,85.03702545166016
8782,112.8326416015625
8783,125.30851745605469
8784,207.68133544921875
8785,219.23944091796875
8786,151.0706024169922
8787,52.89290237426758
8788,46.88923645019531
8789,57.370445251464844
8790,65.02096557617188
8791,54.606285095214844
8792,54.663612365722656
8793,52.63287353515625
8794,54.535640716552734
8795,80.45452880859375
8796,144.46522521972656
8797,309.8530578613281
8798,346.94537353515625
8799,169.11036682128906
8800,100.68822479248047
8801,78.47109985351562
8802,82.13751220703125
8803,129.2800750732422
8804,119.28180694580078
8805,130.87538146972656
8806,174.1385498046875
8807,281.1411437988281
8808,274.7128601074219
8809,205.54971313476562
8810,103.4912338256836
8811,39.688838958740234
8812,17.259992599487305
8813,22.962749481201172
8814,30.563098907470703
8815,25.314495086669922
8816,24.898120880126953
8817,24.53530502319336
8818,32.2388801574707
8819,43.63941192626953
8820,63.03180694580078
8821,204.99664306640625
8822,296.7325439453125
8823,189.19053649902344
8824,145.7966766357422
8825,141.95114135742188
8826,122.2187271118164
8827,145.0274658203125
8828,118.85623931884766
8829,112.62195587158203
8830,114.10221099853516
8831,292.92352294921875
8832,250.19017028808594
8833,221.45632934570312
8834,121.6290054321289
8835,66.35516357421875
8836,60.22168731689453
8837,66.13459014892578
8838,44.66063690185547
8839,53.183738708496094
8840,55.807186126708984
8841,61.784847259521484
8842,51.7574577331543
8843,78.53524017333984
8844,117.76495361328125
8845,303.25726318359375
8846,255.8511505126953
8847,188.34889221191406
8848,128.82106018066406
8849,77.55055236816406
8850,88.53019714355469
8851,110.05030822753906
8852,113.36004638671875
8853,120.19640350341797
8854,120.75281524658203
8855,185.38949584960938
8856,220.38511657714844
8857,200.58631896972656
8858,109.73590087890625
8859,54.67946243286133
8860,44.36915588378906
8861,30.678558349609375
8862,24.812990188598633
8863,10.870360374450684
8864,7.479584693908691
8865,7.197108268737793
8866,9.250486373901367
8867,13.488401412963867
8868,36.071590423583984
8869,191.12217712402344
8870,163.52305603027344
8871,158.970947265625
8872,125.18553161621094
8873,131.04489135742188
8874,117.61418151855469
8875,97.49082946777344
8876,80.16389465332031
8877,92.34622192382812
8878,92.9332504272461
8879,127.88807678222656
8880,246.1892547607422
8881,229.26678466796875
8882,159.01373291015625
8883,105.75357818603516
8884,58.92049026489258
8885,33.48687744140625
8886,18.325469970703125
8887,10.341894149780273
8888,11.864238739013672
8889,15.71735668182373
8890,16.78553581237793
8891,15.058406829833984
8892,33.104251861572266
8893,133.75279235839844
8894,167.77383422851562
8895,83.91505432128906
8896,66.65277099609375
8897,106.37452697753906
8898,138.48316955566406
8899,122.86773681640625
8900,100.82341003417969
8901,147.0297393798828
8902,152.26608276367188
8903,186.56797790527344
8904,189.593994140625
8905,154.68101501464844
8906,97.04156494140625
8907,64.86968994140625
8908,37.70064926147461
8909,45.26408004760742
8910,38.65361785888672
8911,22.841907501220703
8912,18.791217803955078
8913,18.028179168701172
8914,15.836525917053223
8915,14.016754150390625
8916,21.607162475585938
8917,45.62904357910156
8918,69.78890228271484
8919,81.86149597167969
8920,75.62832641601562
8921,75.24075317382812
8922,72.76657104492188
8923,61.63975524902344
8924,102.41017150878906
8925,136.16925048828125
8926,192.84019470214844
8927,171.78187561035156
8928,157.89437866210938
8929,111.46187591552734
8930,125.09200286865234
8931,123.062744140625
8932,77.25804138183594
8933,76.60639190673828
8934,59.267616271972656
8935,51.90848922729492
8936,67.64633178710938
8937,70.23328399658203
8938,57.42036819458008
8939,50.7464485168457
8940,64.38136291503906
8941,55.87961196899414
8942,61.26218795776367
8943,73.40145111083984
8944,76.57819366455078
8945,90.41952514648438
8946,74.42485046386719
8947,61.178524017333984
8948,62.27775955200195
8949,77.89360046386719
8950,101.4234390258789
8951,89.17845153808594
8952,105.75653076171875
8953,109.99864196777344
8954,100.09529113769531
8955,98.27542114257812
8956,95.4437255859375
8957,76.15674591064453
8958,58.845306396484375
8959,58.27135467529297
8960,62.81341552734375
8961,56.910621643066406
8962,53.9506950378418
8963,58.72711181640625
8964,86.89553833007812
8965,90.36378479003906
8966,117.50043487548828
8967,122.91357421875
8968,118.15430450439453
8969,101.3251724243164
8970,87.92195892333984
8971,111.93930053710938
8972,102.5013427734375
8973,91.30377197265625
8974,120.47052764892578
8975,171.646240234375
8976,172.03871154785156
8977,98.91959381103516
8978,58.43122863769531
8979,57.30067825317383
8980,60.749534606933594
8981,61.41849136352539
8982,45.461036682128906
8983,42.69590377807617
8984,31.29485321044922
8985,50.96930694580078
8986,58.096214294433594
8987,90.56257629394531
8988,200.35537719726562
8989,219.85169982910156
8990,150.49810791015625
8991,104.40214538574219
8992,71.57592010498047
8993,84.38290405273438
8994,95.95369720458984
8995,104.13014221191406
8996,118.18584442138672
8997,115.50187683105469
8998,170.6055145263672
8999,157.140625
9000,104.77018737792969
9001,114.84256744384766
9002,62.97089385986328
9003,26.404712677001953
9004,27.407310485839844
9005,38.03233337402344
9006,34.33039855957031
9007,35.36959457397461
9008,25.513668060302734
9009,32.224063873291016
9010,40.64018249511719
9011,59.14167785644531
9012,197.29461669921875
9013,192.04415893554688
9014,181.23333740234375
9015,123.18437194824219
9016,76.49555969238281
9017,100.67189025878906
9018,105.294189453125
9019,119.30887603759766
9020,117.09226989746094
9021,125.05316925048828
9022,215.8717803955078
9023,204.7285614013672
9024,190.61605834960938
9025,108.57842254638672
9026,48.951473236083984
9027,28.44247055053711
9028,35.48893737792969
9029,31.63563346862793
9030,37.661529541015625
9031,34.693695068359375
9032,35.11579132080078
9033,36.01018524169922
9034,37.97032928466797
9035,49.204986572265625
9036,184.62997436523438
9037,78.39927673339844
9038,33.707366943359375
9039,23.466035842895508
9040,22.282299041748047
9041,26.890666961669922
9042,31.963979721069336
9043,29.897676467895508
9044,40.29990768432617
9045,46.36355972290039
9046,82.18517303466797
9047,100.1424560546875
9048,111.21621704101562
9049,56.687217712402344
9050,38.55638885498047
9051,36.53387451171875
9052,45.18354034423828
9053,40.42197799682617
9054,33.43449020385742
9055,40.353328704833984
9056,39.79998779296875
9057,38.576019287109375
9058,38.33692932128906
9059,46.11626434326172
9060,95.32745361328125
9061,88.50770568847656
9062,57.49044418334961
9063,49.01414489746094
9064,45.73075866699219
9065,47.7611083984375
9066,52.21903991699219
9067,40.67067337036133
9068,41.358497619628906
9069,45.3662109375
9070,45.79236602783203
9071,46.13706970214844
9072,58.27005386352539
9073,33.42488479614258
9074,22.7740478515625
9075,24.954370498657227
9076,36.49036407470703
9077,53.10662078857422
9078,25.481454849243164
9079,23.418506622314453
9080,25.52173614501953
9081,24.75770378112793
9082,29.162294387817383
9083,35.826568603515625
9084,44.75101852416992
9085,40.52175521850586
9086,39.1473274230957
9087,39.77044677734375
9088,37.618682861328125
9089,35.193870544433594
9090,39.29148864746094
9091,38.33552169799805
9092,40.42392349243164
9093,41.97587585449219
9094,50.29179382324219
9095,55.94669723510742
9096,51.43159484863281
9097,45.07612228393555
9098,35.874996185302734
9099,38.17778778076172
9100,43.677337646484375
9101,51.63813781738281
9102,64.86883544921875
9103,69.15737915039062
9104,73.47669982910156
9105,57.93727111816406
9106,42.04342269897461
9107,50.137916564941406
9108,64.51559448242188
9109,78.7325439453125
9110,103.36360931396484
9111,73.48117065429688
9112,86.59337615966797
9113,78.09230041503906
9114,55.9548454284668
9115,54.6587028503418
9116,57.221588134765625
9117,49.60274124145508
9118,40.8750114440918
9119,38.71479797363281
9120,114.78733825683594
9121,72.10538482666016
9122,42.23455047607422
9123,41.31806182861328
9124,39.14868927001953
9125,35.26628494262695
9126,32.62174987792969
9127,37.80961608886719
9128,37.780250549316406
9129,44.48356628417969
9130,49.64397048950195
9131,97.57897186279297
9132,246.54193115234375
9133,224.6632843017578
9134,122.6348876953125
9135,93.17134094238281
9136,68.53298950195312
9137,71.50836181640625
9138,48.85776138305664
9139,840.75
9140,768.5
9141,896.0
9142,887.75
9143,1004.5
9144,996.0
9145,1009.25
9146,914.33333333333
9147,977.5
9148,989.75
9149,865.0
9150,828.75
9151,727.0
9152,668.5
9153,706.75
9154,674.75
9155,605.25
9156,602.25
9157,720.0
9158,688.25
9159,733.0
9160,742.5
9161,737.75
9162,761.25
9163,700.25
9164,619.5
9165,630.25
9166,682.0
9167,756.0
9168,734.0
9169,796.0
9170,825.25
9171,809.5
9172,811.5
9173,794.25
9174,728.0
9175,652.25
9176,639.5
9177,635.0
9178,583.25
9179,575.0
9180,574.25
9181,656.25
9182,674.5
9183,756.25
9184,773.0
9185,787.75
9186,721.0
9187,670.25
9188,752.25
9189,720.75
9190,693.25
9191,822.0
9192,964.75
9193,1062.75
9194,953.5
9195,860.5
9196,816.5
9197,810.25
9198,765.5
9199,645.5
9200,596.25
9201,501.75
9202,530.0
9203,575.25
9204,748.0
9205,1179.75
9206,1461.0
9207,1262.0
9208,1128.25
9209,977.75
9210,1052.3333333333
9211,1039.5
9212,1049.0
9213,1058.5
9214,1060.25
9215,1200.25
9216,1159.5
9217,1096.75
9218,1101.5
9219,937.5
9220,751.5
9221,761.0
9222,758.75
9223,679.25
9224,614.5
9225,511.5
9226,538.75
9227,588.75
9228,702.25
9229,1068.5
9230,1138.25
9231,1163.5
9232,1054.75
9233,895.5
9234,961.75
9235,909.75
9236,946.75
9237,916.5
9238,945.25
9239,1183.25
9240,1211.5
9241,1294.75
9242,1146.75
9243,932.75
9244,802.25
9245,841.0
9246,754.25
9247,717.5
9248,616.25
9249,564.75
9250,555.75
9251,628.0
9252,815.5
9253,1394.0
9254,1012.0
9255,847.75
9256,759.25
9257,724.25
9258,727.5
9259,709.75
9260,655.5
9261,691.0
9262,702.0
9263,836.25
9264,865.5
9265,912.0
9266,731.0
9267,606.75
9268,567.5
9269,589.25
9270,540.75
9271,497.25
9272,509.25
9273,487.66666666667
9274,473.0
9275,534.5
9276,586.0
9277,844.75
9278,827.5
9279,729.5
9280,683.75
9281,686.75
9282,713.25
9283,738.75
9284,669.0
9285,687.0
9286,725.75
9287,769.5
9288,790.25
9289,874.0
9290,694.0
9291,578.75
9292,593.0
9293,675.0
9294,803.25
9295,580.0
9296,546.25
9297,536.0
9298,487.75
9299,534.75
9300,586.75
9301,657.5
9302,618.0
9303,631.0
9304,634.25
9305,632.25
9306,612.75
9307,614.25
9308,603.0
9309,621.5
9310,643.5
9311,682.0
9312,708.0
9313,684.5
9314,645.0
9315,566.75
9316,567.25
9317,592.5
9318,616.5
9319,642.0
9320,630.5
9321,641.75
9322,583.25
9323,494.25
9324,530.25
9325,562.75
9326,610.75
9327,715.25
9328,676.5
9329,779.0
9330,780.75
9331,700.5
9332,721.75
9333,783.0
9334,826.25
9335,816.5
9336,742.66666666667
9337,1018.25
9338,893.75
9339,811.75
9340,803.25
9341,768.75
9342,682.5
9343,579.0
9344,543.75
9345,507.5
9346,478.25
9347,528.0
9348,730.25
9349,1220.75
9350,1361.5
9351,1102.0
9352,1101.25
9353,1027.0
9354,1062.5
9355,960.5
9356,1047.25
